-- --------------------------------------------------------
-- Servidor:                     127.0.0.1
-- Versão do servidor:           10.3.13-MariaDB - mariadb.org binary distribution
-- OS do Servidor:               Win64
-- HeidiSQL Versão:              10.1.0.5464
-- --------------------------------------------------------

/*!40101 SET @OLD_CHARACTER_SET_CLIENT=@@CHARACTER_SET_CLIENT */;
/*!40101 SET NAMES utf8 */;
/*!50503 SET NAMES utf8mb4 */;
/*!40014 SET @OLD_FOREIGN_KEY_CHECKS=@@FOREIGN_KEY_CHECKS, FOREIGN_KEY_CHECKS=0 */;
/*!40101 SET @OLD_SQL_MODE=@@SQL_MODE, SQL_MODE='NO_AUTO_VALUE_ON_ZERO' */;


-- Copiando estrutura do banco de dados para zelo
CREATE DATABASE IF NOT EXISTS `zelo` /*!40100 DEFAULT CHARACTER SET utf8 */;
USE `zelo`;

-- Copiando estrutura para tabela zelo.bed
CREATE TABLE IF NOT EXISTS `bed` (
  `id` int(11) NOT NULL AUTO_INCREMENT,
  `number` int(11) DEFAULT NULL,
  `observation` varchar(200) DEFAULT NULL,
  `station_id` int(11) NOT NULL,
  PRIMARY KEY (`id`),
  KEY `fk_bed_station1_idx` (`station_id`),
  CONSTRAINT `fk_bed_station1` FOREIGN KEY (`station_id`) REFERENCES `station` (`id`) ON DELETE NO ACTION ON UPDATE NO ACTION
) ENGINE=InnoDB AUTO_INCREMENT=4 DEFAULT CHARSET=utf8;

-- Copiando dados para a tabela zelo.bed: ~3 rows (aproximadamente)
DELETE FROM `bed`;
/*!40000 ALTER TABLE `bed` DISABLE KEYS */;
INSERT INTO `bed` (`id`, `number`, `observation`, `station_id`) VALUES
	(1, 1, NULL, 1),
	(2, 2, NULL, 1),
	(3, 3, NULL, 1);
/*!40000 ALTER TABLE `bed` ENABLE KEYS */;

-- Copiando estrutura para tabela zelo.change_record
CREATE TABLE IF NOT EXISTS `change_record` (
  `id` int(11) NOT NULL AUTO_INCREMENT,
  `patient_id` int(11) NOT NULL,
  `responsible_user_id` int(11) DEFAULT NULL,
  `prevision_date` datetime DEFAULT NULL,
  `treatment_id` int(11) NOT NULL,
  `status` enum('TODO','DONE') DEFAULT NULL,
  `completed_by_user_id` int(11) DEFAULT NULL,
  `completed_at` datetime DEFAULT NULL,
  `created_at` datetime DEFAULT NULL,
  `completed_late` tinyint(4) DEFAULT NULL,
  PRIMARY KEY (`id`),
  KEY `fk_change_record_patient2_idx` (`patient_id`),
  KEY `fk_change_record_user3_idx` (`responsible_user_id`),
  KEY `fk_change_record_user4_idx` (`completed_by_user_id`),
  KEY `fk_change_record_treatment1_idx` (`treatment_id`),
  CONSTRAINT `fk_change_record_patient2` FOREIGN KEY (`patient_id`) REFERENCES `patient` (`id`) ON DELETE NO ACTION ON UPDATE NO ACTION,
  CONSTRAINT `fk_change_record_treatment1` FOREIGN KEY (`treatment_id`) REFERENCES `treatment` (`id`) ON DELETE NO ACTION ON UPDATE NO ACTION,
  CONSTRAINT `fk_change_record_user3` FOREIGN KEY (`responsible_user_id`) REFERENCES `user` (`id`) ON DELETE NO ACTION ON UPDATE NO ACTION,
  CONSTRAINT `fk_change_record_user4` FOREIGN KEY (`completed_by_user_id`) REFERENCES `user` (`id`) ON DELETE NO ACTION ON UPDATE NO ACTION
) ENGINE=InnoDB AUTO_INCREMENT=908 DEFAULT CHARSET=utf8;

-- Copiando dados para a tabela zelo.change_record: ~519 rows (aproximadamente)
DELETE FROM `change_record`;
/*!40000 ALTER TABLE `change_record` DISABLE KEYS */;
INSERT INTO `change_record` (`id`, `patient_id`, `responsible_user_id`, `prevision_date`, `treatment_id`, `status`, `completed_by_user_id`, `completed_at`, `created_at`, `completed_late`) VALUES
	(1, 3, NULL, '2020-05-10 18:05:00', 1, 'TODO', NULL, NULL, NULL, NULL),
	(2, 3, NULL, '2020-05-10 20:05:00', 2, 'TODO', NULL, NULL, NULL, NULL),
	(3, 3, NULL, '2020-05-10 22:05:00', 3, 'TODO', NULL, NULL, NULL, NULL),
	(4, 3, NULL, '2020-05-11 00:05:00', 1, 'TODO', NULL, NULL, NULL, NULL),
	(5, 3, NULL, '2020-05-11 02:05:00', 2, 'TODO', NULL, NULL, NULL, NULL),
	(6, 3, NULL, '2020-05-11 06:05:00', 1, 'TODO', NULL, NULL, NULL, NULL),
	(7, 3, NULL, '2020-05-11 04:05:00', 3, 'TODO', NULL, NULL, NULL, NULL),
	(8, 3, NULL, '2020-05-11 12:05:00', 1, 'TODO', NULL, NULL, NULL, NULL),
	(9, 3, NULL, '2020-05-11 08:05:00', 2, 'TODO', NULL, NULL, NULL, NULL),
	(10, 3, NULL, '2020-05-11 10:05:00', 3, 'TODO', NULL, NULL, NULL, NULL),
	(11, 3, NULL, '2020-05-11 16:05:00', 3, 'TODO', NULL, NULL, NULL, NULL),
	(12, 3, NULL, '2020-05-11 18:05:00', 1, 'TODO', NULL, NULL, NULL, NULL),
	(13, 3, NULL, '2020-05-11 20:05:00', 2, 'TODO', NULL, NULL, NULL, NULL),
	(14, 3, NULL, '2020-05-11 14:05:00', 2, 'TODO', NULL, NULL, NULL, NULL),
	(15, 3, NULL, '2020-05-11 22:05:00', 3, 'TODO', NULL, NULL, NULL, NULL),
	(16, 3, NULL, '2020-05-12 00:05:00', 1, 'TODO', NULL, NULL, NULL, NULL),
	(17, 3, NULL, '2020-05-12 02:05:00', 2, 'TODO', NULL, NULL, NULL, NULL),
	(18, 3, NULL, '2020-05-12 04:05:00', 3, 'TODO', NULL, NULL, NULL, NULL),
	(19, 3, NULL, '2020-05-12 06:05:00', 1, 'TODO', NULL, NULL, NULL, NULL),
	(20, 3, NULL, '2020-05-12 08:05:00', 2, 'TODO', NULL, NULL, NULL, NULL),
	(21, 3, NULL, '2020-05-12 10:05:00', 3, 'TODO', NULL, NULL, NULL, NULL),
	(22, 3, NULL, '2020-05-12 12:05:00', 1, 'TODO', NULL, NULL, NULL, NULL),
	(23, 3, NULL, '2020-05-12 14:05:00', 2, 'TODO', NULL, NULL, NULL, NULL),
	(24, 3, NULL, '2020-05-12 16:05:00', 3, 'TODO', NULL, NULL, NULL, NULL),
	(25, 3, NULL, '2020-05-12 18:05:00', 1, 'TODO', NULL, NULL, NULL, NULL),
	(26, 3, NULL, '2020-05-12 20:05:00', 2, 'TODO', NULL, NULL, NULL, NULL),
	(27, 3, NULL, '2020-05-13 00:05:00', 1, 'TODO', NULL, NULL, NULL, NULL),
	(28, 3, NULL, '2020-05-12 22:05:00', 3, 'TODO', NULL, NULL, NULL, NULL),
	(29, 3, NULL, '2020-05-13 02:05:00', 2, 'TODO', NULL, NULL, NULL, NULL),
	(30, 3, NULL, '2020-05-13 04:05:00', 3, 'TODO', NULL, NULL, NULL, NULL),
	(31, 3, NULL, '2020-05-13 06:05:00', 1, 'TODO', NULL, NULL, NULL, NULL),
	(32, 3, NULL, '2020-05-13 08:05:00', 2, 'TODO', NULL, NULL, NULL, NULL),
	(33, 3, NULL, '2020-05-13 10:05:00', 3, 'TODO', NULL, NULL, NULL, NULL),
	(34, 3, NULL, '2020-05-13 12:05:00', 1, 'TODO', NULL, NULL, NULL, NULL),
	(35, 3, NULL, '2020-05-13 14:05:00', 2, 'TODO', NULL, NULL, NULL, NULL),
	(36, 3, NULL, '2020-05-13 16:05:00', 3, 'TODO', NULL, NULL, NULL, NULL),
	(37, 3, NULL, '2020-05-13 18:05:00', 1, 'TODO', NULL, NULL, NULL, NULL),
	(38, 3, NULL, '2020-05-13 20:05:00', 2, 'TODO', NULL, NULL, NULL, NULL),
	(39, 3, NULL, '2020-05-13 22:05:00', 3, 'TODO', NULL, NULL, NULL, NULL),
	(40, 3, NULL, '2020-05-14 00:05:00', 1, 'TODO', NULL, NULL, NULL, NULL),
	(41, 3, NULL, '2020-05-14 04:05:00', 3, 'TODO', NULL, NULL, NULL, NULL),
	(42, 3, NULL, '2020-05-14 02:05:00', 2, 'TODO', NULL, NULL, NULL, NULL),
	(43, 3, NULL, '2020-05-14 06:05:00', 1, 'TODO', NULL, NULL, NULL, NULL),
	(44, 3, NULL, '2020-05-14 08:05:00', 2, 'TODO', NULL, NULL, NULL, NULL),
	(45, 3, NULL, '2020-05-14 10:05:00', 3, 'TODO', NULL, NULL, NULL, NULL),
	(46, 3, NULL, '2020-05-14 12:05:00', 1, 'TODO', NULL, NULL, NULL, NULL),
	(47, 3, NULL, '2020-05-14 14:05:00', 2, 'TODO', NULL, NULL, NULL, NULL),
	(48, 3, NULL, '2020-05-14 16:05:00', 3, 'TODO', NULL, NULL, NULL, NULL),
	(49, 3, NULL, '2020-05-14 18:05:00', 1, 'TODO', NULL, NULL, NULL, NULL),
	(50, 3, NULL, '2020-05-14 20:05:00', 2, 'TODO', NULL, NULL, NULL, NULL),
	(51, 3, NULL, '2020-05-14 22:05:00', 3, 'TODO', NULL, NULL, NULL, NULL),
	(52, 3, NULL, '2020-05-15 00:05:00', 1, 'TODO', NULL, NULL, NULL, NULL),
	(53, 3, NULL, '2020-05-15 02:05:00', 2, 'TODO', NULL, NULL, NULL, NULL),
	(54, 3, NULL, '2020-05-15 04:05:00', 3, 'TODO', NULL, NULL, NULL, NULL),
	(55, 3, NULL, '2020-05-15 06:05:00', 1, 'TODO', NULL, NULL, NULL, NULL),
	(56, 3, NULL, '2020-05-15 08:05:00', 2, 'TODO', NULL, NULL, NULL, NULL),
	(57, 3, NULL, '2020-05-15 10:05:00', 3, 'TODO', NULL, NULL, NULL, NULL),
	(58, 3, NULL, '2020-05-15 12:05:00', 1, 'TODO', NULL, NULL, NULL, NULL),
	(59, 3, NULL, '2020-05-15 14:05:00', 2, 'TODO', NULL, NULL, NULL, NULL),
	(60, 3, NULL, '2020-05-15 16:05:00', 3, 'TODO', NULL, NULL, NULL, NULL),
	(61, 3, NULL, '2020-05-15 18:05:00', 1, 'TODO', NULL, NULL, NULL, NULL),
	(62, 3, NULL, '2020-05-15 20:05:00', 2, 'TODO', NULL, NULL, NULL, NULL),
	(63, 3, NULL, '2020-05-15 22:05:00', 3, 'TODO', NULL, NULL, NULL, NULL),
	(64, 3, NULL, '2020-05-16 00:05:00', 1, 'TODO', NULL, NULL, NULL, NULL),
	(65, 3, NULL, '2020-05-16 02:05:00', 2, 'TODO', NULL, NULL, NULL, NULL),
	(66, 3, NULL, '2020-05-16 04:05:00', 3, 'TODO', NULL, NULL, NULL, NULL),
	(67, 3, NULL, '2020-05-16 06:05:00', 1, 'TODO', NULL, NULL, NULL, NULL),
	(68, 3, NULL, '2020-05-16 08:05:00', 2, 'TODO', NULL, NULL, NULL, NULL),
	(69, 3, NULL, '2020-05-16 10:05:00', 3, 'TODO', NULL, NULL, NULL, NULL),
	(70, 3, NULL, '2020-05-16 12:05:00', 1, 'TODO', NULL, NULL, NULL, NULL),
	(71, 3, NULL, '2020-05-16 14:05:00', 2, 'TODO', NULL, NULL, NULL, NULL),
	(72, 3, NULL, '2020-05-16 16:05:00', 3, 'TODO', NULL, NULL, NULL, NULL),
	(73, 3, NULL, '2020-05-16 18:05:00', 1, 'TODO', NULL, NULL, NULL, NULL),
	(74, 3, NULL, '2020-05-16 20:05:00', 2, 'TODO', NULL, NULL, NULL, NULL),
	(75, 3, NULL, '2020-05-16 22:05:00', 3, 'TODO', NULL, NULL, NULL, NULL),
	(76, 3, NULL, '2020-05-17 00:05:00', 1, 'TODO', NULL, NULL, NULL, NULL),
	(77, 3, NULL, '2020-05-17 02:05:00', 2, 'TODO', NULL, NULL, NULL, NULL),
	(78, 3, NULL, '2020-05-17 04:05:00', 3, 'TODO', NULL, NULL, NULL, NULL),
	(79, 3, NULL, '2020-05-17 06:05:00', 1, 'TODO', NULL, NULL, NULL, NULL),
	(80, 3, NULL, '2020-05-17 08:05:00', 2, 'TODO', NULL, NULL, NULL, NULL),
	(81, 3, NULL, '2020-05-17 10:05:00', 3, 'TODO', NULL, NULL, NULL, NULL),
	(82, 3, NULL, '2020-05-17 12:05:00', 1, 'TODO', NULL, NULL, NULL, NULL),
	(83, 3, NULL, '2020-05-17 14:05:00', 2, 'TODO', NULL, NULL, NULL, NULL),
	(84, 3, NULL, '2020-05-17 16:05:00', 3, 'TODO', NULL, NULL, NULL, NULL),
	(85, 3, NULL, '2020-05-17 18:05:00', 1, 'TODO', NULL, NULL, NULL, NULL),
	(86, 3, NULL, '2020-05-17 20:05:00', 2, 'TODO', NULL, NULL, NULL, NULL),
	(87, 3, NULL, '2020-05-17 22:05:00', 3, 'TODO', NULL, NULL, NULL, NULL),
	(88, 3, NULL, '2020-05-18 00:05:00', 1, 'TODO', NULL, NULL, NULL, NULL),
	(89, 3, NULL, '2020-05-18 02:05:00', 2, 'TODO', NULL, NULL, NULL, NULL),
	(90, 3, NULL, '2020-05-18 04:05:00', 3, 'TODO', NULL, NULL, NULL, NULL),
	(91, 3, NULL, '2020-05-18 06:05:00', 1, 'TODO', NULL, NULL, NULL, NULL),
	(92, 3, NULL, '2020-05-18 08:05:00', 2, 'TODO', NULL, NULL, NULL, NULL),
	(93, 3, NULL, '2020-05-18 10:05:00', 3, 'TODO', NULL, NULL, NULL, NULL),
	(94, 3, NULL, '2020-05-18 12:05:00', 1, 'TODO', NULL, NULL, NULL, NULL),
	(95, 3, NULL, '2020-05-18 14:05:00', 2, 'TODO', NULL, NULL, NULL, NULL),
	(96, 3, NULL, '2020-05-18 16:05:00', 3, 'TODO', NULL, NULL, NULL, NULL),
	(97, 3, NULL, '2020-05-18 18:05:00', 1, 'TODO', NULL, NULL, NULL, NULL),
	(98, 3, NULL, '2020-05-18 20:05:00', 2, 'TODO', NULL, NULL, NULL, NULL),
	(99, 3, NULL, '2020-05-18 22:05:00', 3, 'TODO', NULL, NULL, NULL, NULL),
	(100, 3, NULL, '2020-05-19 00:05:00', 1, 'TODO', NULL, NULL, NULL, NULL),
	(101, 3, NULL, '2020-05-19 02:05:00', 2, 'TODO', NULL, NULL, NULL, NULL),
	(102, 3, NULL, '2020-05-19 04:05:00', 3, 'TODO', NULL, NULL, NULL, NULL),
	(103, 3, NULL, '2020-05-19 06:05:00', 1, 'TODO', NULL, NULL, NULL, NULL),
	(104, 3, NULL, '2020-05-19 08:05:00', 2, 'TODO', NULL, NULL, NULL, NULL),
	(105, 3, NULL, '2020-05-19 10:05:00', 3, 'TODO', NULL, NULL, NULL, NULL),
	(106, 3, NULL, '2020-05-19 12:05:00', 1, 'TODO', NULL, NULL, NULL, NULL),
	(107, 3, NULL, '2020-05-19 14:05:00', 2, 'TODO', NULL, NULL, NULL, NULL),
	(108, 3, NULL, '2020-05-19 16:05:00', 3, 'TODO', NULL, NULL, NULL, NULL),
	(109, 3, NULL, '2020-05-19 18:05:00', 1, 'TODO', NULL, NULL, NULL, NULL),
	(110, 3, NULL, '2020-05-19 20:05:00', 2, 'TODO', NULL, NULL, NULL, NULL),
	(111, 3, NULL, '2020-05-19 22:05:00', 3, 'TODO', NULL, NULL, NULL, NULL),
	(112, 2, NULL, '2020-05-12 10:05:00', 1, 'TODO', NULL, NULL, NULL, NULL),
	(113, 3, NULL, '2020-05-20 00:05:00', 1, 'TODO', NULL, NULL, NULL, NULL),
	(114, 2, NULL, '2020-05-12 13:05:00', 2, 'TODO', NULL, NULL, NULL, NULL),
	(115, 2, NULL, '2020-05-12 19:05:00', 1, 'TODO', NULL, NULL, NULL, NULL),
	(116, 2, NULL, '2020-05-12 22:05:00', 2, 'TODO', NULL, NULL, NULL, NULL),
	(117, 2, NULL, '2020-05-12 16:05:00', 3, 'TODO', NULL, NULL, NULL, NULL),
	(118, 2, NULL, '2020-05-13 04:05:00', 1, 'TODO', NULL, NULL, NULL, NULL),
	(119, 2, NULL, '2020-05-13 01:05:00', 3, 'TODO', NULL, NULL, NULL, NULL),
	(120, 2, NULL, '2020-05-13 07:05:00', 2, 'TODO', NULL, NULL, NULL, NULL),
	(121, 2, NULL, '2020-05-13 10:05:00', 3, 'TODO', NULL, NULL, NULL, NULL),
	(122, 2, NULL, '2020-05-13 13:05:00', 1, 'TODO', NULL, NULL, NULL, NULL),
	(123, 2, NULL, '2020-05-13 16:05:00', 2, 'TODO', NULL, NULL, NULL, NULL),
	(124, 2, NULL, '2020-05-13 22:05:00', 1, 'TODO', NULL, NULL, NULL, NULL),
	(125, 2, NULL, '2020-05-13 19:05:00', 3, 'TODO', NULL, NULL, NULL, NULL),
	(126, 2, NULL, '2020-05-14 01:05:00', 2, 'TODO', NULL, NULL, NULL, NULL),
	(127, 2, NULL, '2020-05-14 04:05:00', 3, 'TODO', NULL, NULL, NULL, NULL),
	(128, 2, NULL, '2020-05-14 07:05:00', 1, 'TODO', NULL, NULL, NULL, NULL),
	(129, 2, NULL, '2020-05-14 10:05:00', 2, 'TODO', NULL, NULL, NULL, NULL),
	(130, 2, NULL, '2020-05-14 13:05:00', 3, 'TODO', NULL, NULL, NULL, NULL),
	(131, 2, NULL, '2020-05-14 16:05:00', 1, 'TODO', NULL, NULL, NULL, NULL),
	(132, 2, NULL, '2020-05-14 22:05:00', 3, 'TODO', NULL, NULL, NULL, NULL),
	(133, 2, NULL, '2020-05-15 01:05:00', 1, 'TODO', NULL, NULL, NULL, NULL),
	(134, 2, NULL, '2020-05-14 19:05:00', 2, 'TODO', NULL, NULL, NULL, NULL),
	(135, 2, NULL, '2020-05-15 04:05:00', 2, 'TODO', NULL, NULL, NULL, NULL),
	(136, 2, NULL, '2020-05-15 10:05:00', 1, 'TODO', NULL, NULL, NULL, NULL),
	(137, 2, NULL, '2020-05-15 07:05:00', 3, 'TODO', NULL, NULL, NULL, NULL),
	(138, 2, NULL, '2020-05-15 13:05:00', 2, 'TODO', NULL, NULL, NULL, NULL),
	(139, 2, NULL, '2020-05-15 22:05:00', 2, 'TODO', NULL, NULL, NULL, NULL),
	(140, 2, NULL, '2020-05-15 19:05:00', 1, 'TODO', NULL, NULL, NULL, NULL),
	(141, 2, NULL, '2020-05-15 16:05:00', 3, 'TODO', NULL, NULL, NULL, NULL),
	(142, 2, NULL, '2020-05-16 04:05:00', 1, 'TODO', NULL, NULL, NULL, NULL),
	(143, 2, NULL, '2020-05-16 01:05:00', 3, 'TODO', NULL, NULL, NULL, NULL),
	(144, 2, NULL, '2020-05-16 07:05:00', 2, 'TODO', NULL, NULL, NULL, NULL),
	(145, 2, NULL, '2020-05-16 10:05:00', 3, 'TODO', NULL, NULL, NULL, NULL),
	(146, 2, NULL, '2020-05-16 13:05:00', 1, 'TODO', NULL, NULL, NULL, NULL),
	(147, 2, NULL, '2020-05-16 19:05:00', 3, 'TODO', NULL, NULL, NULL, NULL),
	(148, 2, NULL, '2020-05-16 16:05:00', 2, 'TODO', NULL, NULL, NULL, NULL),
	(149, 2, NULL, '2020-05-16 22:05:00', 1, 'TODO', NULL, NULL, NULL, NULL),
	(150, 2, NULL, '2020-05-17 01:05:00', 2, 'TODO', NULL, NULL, NULL, NULL),
	(151, 2, NULL, '2020-05-17 04:05:00', 3, 'TODO', NULL, NULL, NULL, NULL),
	(152, 2, NULL, '2020-05-17 10:05:00', 2, 'TODO', NULL, NULL, NULL, NULL),
	(153, 2, NULL, '2020-05-17 07:05:00', 1, 'TODO', NULL, NULL, NULL, NULL),
	(154, 2, NULL, '2020-05-17 13:05:00', 3, 'TODO', NULL, NULL, NULL, NULL),
	(155, 2, NULL, '2020-05-17 16:05:00', 1, 'TODO', NULL, NULL, NULL, NULL),
	(156, 2, NULL, '2020-05-17 19:05:00', 2, 'TODO', NULL, NULL, NULL, NULL),
	(157, 2, NULL, '2020-05-17 22:05:00', 3, 'TODO', NULL, NULL, NULL, NULL),
	(158, 2, NULL, '2020-05-18 01:05:00', 1, 'TODO', NULL, NULL, NULL, NULL),
	(159, 2, NULL, '2020-05-18 04:05:00', 2, 'TODO', NULL, NULL, NULL, NULL),
	(160, 2, NULL, '2020-05-18 07:05:00', 3, 'TODO', NULL, NULL, NULL, NULL),
	(161, 2, NULL, '2020-05-18 10:05:00', 1, 'TODO', NULL, NULL, NULL, NULL),
	(162, 2, NULL, '2020-05-18 13:05:00', 2, 'TODO', NULL, NULL, NULL, NULL),
	(163, 2, NULL, '2020-05-18 16:05:00', 3, 'TODO', NULL, NULL, NULL, NULL),
	(164, 2, NULL, '2020-05-18 19:05:00', 1, 'TODO', NULL, NULL, NULL, NULL),
	(165, 2, NULL, '2020-05-18 22:05:00', 2, 'TODO', NULL, NULL, NULL, NULL),
	(166, 2, NULL, '2020-05-19 01:05:00', 3, 'TODO', NULL, NULL, NULL, NULL),
	(167, 2, NULL, '2020-05-19 04:05:00', 1, 'TODO', NULL, NULL, NULL, NULL),
	(168, 2, NULL, '2020-05-19 07:05:00', 2, 'TODO', NULL, NULL, NULL, NULL),
	(169, 2, NULL, '2020-05-19 10:05:00', 3, 'TODO', NULL, NULL, NULL, NULL),
	(170, 2, NULL, '2020-05-19 16:05:00', 2, 'TODO', NULL, NULL, NULL, NULL),
	(171, 2, NULL, '2020-05-19 13:05:00', 1, 'TODO', NULL, NULL, NULL, NULL),
	(172, 2, NULL, '2020-05-19 19:05:00', 3, 'DONE', 2, '2020-05-20 19:20:00', NULL, 1),
	(173, 2, NULL, '2020-05-19 22:05:00', 1, 'DONE', 2, '2020-05-19 22:05:00', NULL, 1),
	(174, 1, NULL, '2020-05-12 09:05:00', 4, 'TODO', NULL, NULL, NULL, NULL),
	(175, 2, NULL, '2020-05-20 01:05:00', 2, 'DONE', 2, '2020-05-20 01:15:00', NULL, 1),
	(176, 1, NULL, '2020-05-12 11:05:00', 2, 'TODO', NULL, NULL, NULL, NULL),
	(177, 1, NULL, '2020-05-12 15:05:00', 4, 'TODO', NULL, NULL, NULL, NULL),
	(178, 1, NULL, '2020-05-12 17:05:00', 2, 'TODO', NULL, NULL, NULL, NULL),
	(179, 1, NULL, '2020-05-12 19:05:00', 3, 'TODO', NULL, NULL, NULL, NULL),
	(180, 1, NULL, '2020-05-12 21:05:00', 4, 'TODO', NULL, NULL, NULL, NULL),
	(181, 1, NULL, '2020-05-12 13:05:00', 3, 'TODO', NULL, NULL, NULL, NULL),
	(182, 1, NULL, '2020-05-12 23:05:00', 2, 'TODO', NULL, NULL, NULL, NULL),
	(183, 1, NULL, '2020-05-13 01:05:00', 3, 'TODO', NULL, NULL, NULL, NULL),
	(184, 1, NULL, '2020-05-13 03:05:00', 4, 'TODO', NULL, NULL, NULL, NULL),
	(185, 1, NULL, '2020-05-13 05:05:00', 2, 'TODO', NULL, NULL, NULL, NULL),
	(186, 1, NULL, '2020-05-13 07:05:00', 3, 'TODO', NULL, NULL, NULL, NULL),
	(187, 1, NULL, '2020-05-13 09:05:00', 4, 'TODO', NULL, NULL, NULL, NULL),
	(188, 1, NULL, '2020-05-13 11:05:00', 2, 'TODO', NULL, NULL, NULL, NULL),
	(189, 1, NULL, '2020-05-13 15:05:00', 4, 'TODO', NULL, NULL, NULL, NULL),
	(190, 1, NULL, '2020-05-13 13:05:00', 3, 'TODO', NULL, NULL, NULL, NULL),
	(191, 1, NULL, '2020-05-13 17:05:00', 2, 'TODO', NULL, NULL, NULL, NULL),
	(192, 1, NULL, '2020-05-13 19:05:00', 3, 'TODO', NULL, NULL, NULL, NULL),
	(193, 1, NULL, '2020-05-13 21:05:00', 4, 'TODO', NULL, NULL, NULL, NULL),
	(194, 1, NULL, '2020-05-14 01:05:00', 3, 'TODO', NULL, NULL, NULL, NULL),
	(195, 1, NULL, '2020-05-14 03:05:00', 4, 'TODO', NULL, NULL, NULL, NULL),
	(196, 1, NULL, '2020-05-14 05:05:00', 2, 'TODO', NULL, NULL, NULL, NULL),
	(197, 1, NULL, '2020-05-13 23:05:00', 2, 'TODO', NULL, NULL, NULL, NULL),
	(198, 1, NULL, '2020-05-14 07:05:00', 3, 'TODO', NULL, NULL, NULL, NULL),
	(199, 1, NULL, '2020-05-14 11:05:00', 2, 'TODO', NULL, NULL, NULL, NULL),
	(200, 1, NULL, '2020-05-14 13:05:00', 3, 'TODO', NULL, NULL, NULL, NULL),
	(201, 1, NULL, '2020-05-14 09:05:00', 4, 'TODO', NULL, NULL, NULL, NULL),
	(202, 1, NULL, '2020-05-14 15:05:00', 4, 'TODO', NULL, NULL, NULL, NULL),
	(203, 1, NULL, '2020-05-14 17:05:00', 2, 'TODO', NULL, NULL, NULL, NULL),
	(204, 1, NULL, '2020-05-14 19:05:00', 3, 'TODO', NULL, NULL, NULL, NULL),
	(205, 1, NULL, '2020-05-14 23:05:00', 2, 'TODO', NULL, NULL, NULL, NULL),
	(206, 1, NULL, '2020-05-14 21:05:00', 4, 'TODO', NULL, NULL, NULL, NULL),
	(207, 1, NULL, '2020-05-15 01:05:00', 3, 'TODO', NULL, NULL, NULL, NULL),
	(208, 1, NULL, '2020-05-15 03:05:00', 4, 'TODO', NULL, NULL, NULL, NULL),
	(209, 1, NULL, '2020-05-15 05:05:00', 2, 'TODO', NULL, NULL, NULL, NULL),
	(210, 1, NULL, '2020-05-15 09:05:00', 4, 'TODO', NULL, NULL, NULL, NULL),
	(211, 1, NULL, '2020-05-15 11:05:00', 2, 'TODO', NULL, NULL, NULL, NULL),
	(212, 1, NULL, '2020-05-15 07:05:00', 3, 'TODO', NULL, NULL, NULL, NULL),
	(213, 1, NULL, '2020-05-15 13:05:00', 3, 'TODO', NULL, NULL, NULL, NULL),
	(214, 1, NULL, '2020-05-15 15:05:00', 4, 'TODO', NULL, NULL, NULL, NULL),
	(215, 1, NULL, '2020-05-15 17:05:00', 2, 'TODO', NULL, NULL, NULL, NULL),
	(216, 1, NULL, '2020-05-15 19:05:00', 3, 'TODO', NULL, NULL, NULL, NULL),
	(217, 1, NULL, '2020-05-15 21:05:00', 4, 'TODO', NULL, NULL, NULL, NULL),
	(218, 1, NULL, '2020-05-15 23:05:00', 2, 'TODO', NULL, NULL, NULL, NULL),
	(219, 1, NULL, '2020-05-16 01:05:00', 3, 'TODO', NULL, NULL, NULL, NULL),
	(220, 1, NULL, '2020-05-16 03:05:00', 4, 'TODO', NULL, NULL, NULL, NULL),
	(221, 1, NULL, '2020-05-16 05:05:00', 2, 'TODO', NULL, NULL, NULL, NULL),
	(222, 1, NULL, '2020-05-16 07:05:00', 3, 'TODO', NULL, NULL, NULL, NULL),
	(223, 1, NULL, '2020-05-16 09:05:00', 4, 'TODO', NULL, NULL, NULL, NULL),
	(224, 1, NULL, '2020-05-16 11:05:00', 2, 'TODO', NULL, NULL, NULL, NULL),
	(225, 1, NULL, '2020-05-16 13:05:00', 3, 'TODO', NULL, NULL, NULL, NULL),
	(226, 1, NULL, '2020-05-16 15:05:00', 4, 'TODO', NULL, NULL, NULL, NULL),
	(227, 1, NULL, '2020-05-16 19:05:00', 3, 'TODO', NULL, NULL, NULL, NULL),
	(228, 1, NULL, '2020-05-16 17:05:00', 2, 'TODO', NULL, NULL, NULL, NULL),
	(229, 1, NULL, '2020-05-16 21:05:00', 4, 'TODO', NULL, NULL, NULL, NULL),
	(230, 1, NULL, '2020-05-16 23:05:00', 2, 'TODO', NULL, NULL, NULL, NULL),
	(231, 1, NULL, '2020-05-17 03:05:00', 4, 'TODO', NULL, NULL, NULL, NULL),
	(232, 1, NULL, '2020-05-17 01:05:00', 3, 'TODO', NULL, NULL, NULL, NULL),
	(233, 1, NULL, '2020-05-17 05:05:00', 2, 'TODO', NULL, NULL, NULL, NULL),
	(234, 1, NULL, '2020-05-17 11:05:00', 2, 'TODO', NULL, NULL, NULL, NULL),
	(235, 1, NULL, '2020-05-17 09:05:00', 4, 'TODO', NULL, NULL, NULL, NULL),
	(236, 1, NULL, '2020-05-17 07:05:00', 3, 'TODO', NULL, NULL, NULL, NULL),
	(237, 1, NULL, '2020-05-17 13:05:00', 3, 'TODO', NULL, NULL, NULL, NULL),
	(238, 1, NULL, '2020-05-17 15:05:00', 4, 'TODO', NULL, NULL, NULL, NULL),
	(239, 1, NULL, '2020-05-17 17:05:00', 2, 'TODO', NULL, NULL, NULL, NULL),
	(240, 1, NULL, '2020-05-17 19:05:00', 3, 'TODO', NULL, NULL, NULL, NULL),
	(241, 1, NULL, '2020-05-17 21:05:00', 4, 'TODO', NULL, NULL, NULL, NULL),
	(242, 1, NULL, '2020-05-17 23:05:00', 2, 'TODO', NULL, NULL, NULL, NULL),
	(243, 1, NULL, '2020-05-18 01:05:00', 3, 'TODO', NULL, NULL, NULL, NULL),
	(244, 1, NULL, '2020-05-18 03:05:00', 4, 'TODO', NULL, NULL, NULL, NULL),
	(245, 1, NULL, '2020-05-18 07:05:00', 3, 'TODO', NULL, NULL, NULL, NULL),
	(246, 1, NULL, '2020-05-18 09:05:00', 4, 'TODO', NULL, NULL, NULL, NULL),
	(247, 1, NULL, '2020-05-18 11:05:00', 2, 'TODO', NULL, NULL, NULL, NULL),
	(248, 1, NULL, '2020-05-18 05:05:00', 2, 'TODO', NULL, NULL, NULL, NULL),
	(249, 1, NULL, '2020-05-18 13:05:00', 3, 'TODO', NULL, NULL, NULL, NULL),
	(250, 1, NULL, '2020-05-18 15:05:00', 4, 'TODO', NULL, NULL, NULL, NULL),
	(251, 1, NULL, '2020-05-18 17:05:00', 2, 'TODO', NULL, NULL, NULL, NULL),
	(252, 1, NULL, '2020-05-18 23:05:00', 2, 'TODO', NULL, NULL, NULL, NULL),
	(253, 1, NULL, '2020-05-18 21:05:00', 4, 'TODO', NULL, NULL, NULL, NULL),
	(254, 1, NULL, '2020-05-18 19:05:00', 3, 'TODO', NULL, NULL, NULL, NULL),
	(255, 1, NULL, '2020-05-19 01:05:00', 3, 'TODO', NULL, NULL, NULL, NULL),
	(256, 1, NULL, '2020-05-19 03:05:00', 4, 'TODO', NULL, NULL, NULL, NULL),
	(257, 1, NULL, '2020-05-19 05:05:00', 2, 'TODO', NULL, NULL, NULL, NULL),
	(258, 1, NULL, '2020-05-19 07:05:00', 3, 'TODO', NULL, NULL, NULL, NULL),
	(259, 1, NULL, '2020-05-19 09:05:00', 4, 'TODO', NULL, NULL, NULL, NULL),
	(260, 1, NULL, '2020-05-19 11:05:00', 2, 'TODO', NULL, NULL, NULL, NULL),
	(261, 1, NULL, '2020-05-19 13:05:00', 3, 'TODO', NULL, NULL, NULL, NULL),
	(262, 1, NULL, '2020-05-19 17:05:00', 2, 'TODO', NULL, NULL, NULL, NULL),
	(263, 1, NULL, '2020-05-19 19:05:00', 3, 'TODO', NULL, NULL, NULL, NULL),
	(264, 1, NULL, '2020-05-19 15:05:00', 4, 'TODO', NULL, NULL, NULL, NULL),
	(265, 1, NULL, '2020-05-19 21:05:00', 4, 'TODO', NULL, NULL, NULL, NULL),
	(266, 1, NULL, '2020-05-19 23:05:00', 2, 'TODO', NULL, NULL, NULL, NULL),
	(267, 1, NULL, '2020-05-20 01:05:00', 3, 'TODO', NULL, NULL, NULL, NULL),
	(268, 3, NULL, '2020-05-20 02:05:00', 1, 'TODO', NULL, NULL, NULL, NULL),
	(269, 3, NULL, '2020-05-20 04:05:00', 2, 'TODO', NULL, NULL, NULL, NULL),
	(270, 3, NULL, '2020-05-20 06:05:00', 3, 'DONE', 2, '2020-05-20 06:05:00', NULL, NULL),
	(271, 3, NULL, '2020-05-20 10:05:00', 2, 'TODO', NULL, NULL, NULL, NULL),
	(272, 3, NULL, '2020-05-20 14:05:00', 1, 'TODO', NULL, NULL, NULL, NULL),
	(273, 3, NULL, '2020-05-20 12:05:00', 3, 'TODO', NULL, NULL, NULL, NULL),
	(274, 3, NULL, '2020-05-20 08:05:00', 1, 'DONE', 1, '2020-05-20 08:05:00', NULL, NULL),
	(275, 3, NULL, '2020-05-20 16:05:00', 2, 'TODO', NULL, NULL, NULL, NULL),
	(276, 3, NULL, '2020-05-20 20:05:00', 1, 'TODO', NULL, NULL, NULL, NULL),
	(277, 3, NULL, '2020-05-20 18:05:00', 3, 'TODO', NULL, NULL, NULL, NULL),
	(278, 3, NULL, '2020-05-20 22:05:00', 2, 'TODO', NULL, NULL, NULL, NULL),
	(279, 3, NULL, '2020-05-21 00:05:00', 3, 'TODO', NULL, NULL, NULL, NULL),
	(280, 2, NULL, '2020-05-20 04:05:00', 1, 'DONE', 1, '2020-05-21 04:19:00', NULL, NULL),
	(281, 2, NULL, '2020-05-20 07:05:00', 2, 'DONE', 2, '2020-05-20 07:05:00', NULL, NULL),
	(282, 2, NULL, '2020-05-20 10:05:00', 3, 'DONE', 2, '2020-05-20 10:10:00', NULL, 1),
	(283, 2, NULL, '2020-05-20 13:05:00', 1, 'TODO', NULL, NULL, NULL, NULL),
	(284, 2, NULL, '2020-05-20 16:05:00', 2, 'TODO', NULL, NULL, NULL, NULL),
	(288, 1, NULL, '2020-05-20 03:05:00', 4, 'TODO', NULL, NULL, NULL, NULL),
	(289, 1, NULL, '2020-05-20 05:05:00', 2, 'DONE', 2, '2020-05-20 05:05:00', NULL, NULL),
	(290, 1, NULL, '2020-05-20 07:05:00', 3, 'TODO', 2, '2020-05-20 07:25:00', NULL, NULL),
	(291, 1, NULL, '2020-05-20 09:05:00', 4, 'TODO', NULL, NULL, NULL, NULL),
	(292, 1, NULL, '2020-05-20 11:05:00', 2, 'DONE', 1, '2020-05-20 11:15:00', NULL, 1),
	(293, 1, NULL, '2020-05-20 13:05:00', 3, 'TODO', NULL, NULL, NULL, NULL),
	(294, 1, NULL, '2020-05-20 15:05:00', 4, 'TODO', NULL, NULL, NULL, NULL),
	(319, 3, NULL, '2020-05-21 02:05:00', 1, 'TODO', NULL, NULL, NULL, NULL),
	(320, 3, NULL, '2020-05-21 04:05:00', 2, 'TODO', NULL, NULL, NULL, NULL),
	(321, 3, NULL, '2020-05-21 06:05:00', 3, 'TODO', NULL, NULL, NULL, NULL),
	(322, 3, NULL, '2020-05-21 08:05:00', 1, 'TODO', NULL, NULL, NULL, NULL),
	(323, 3, NULL, '2020-05-21 16:05:00', 2, 'TODO', NULL, NULL, NULL, NULL),
	(324, 3, NULL, '2020-05-21 14:05:00', 1, 'TODO', NULL, NULL, NULL, NULL),
	(325, 3, NULL, '2020-05-21 12:05:00', 3, 'TODO', NULL, NULL, NULL, NULL),
	(326, 3, NULL, '2020-05-21 10:05:00', 2, 'TODO', NULL, NULL, NULL, NULL),
	(327, 3, NULL, '2020-05-21 20:05:00', 1, 'TODO', NULL, NULL, NULL, NULL),
	(328, 3, NULL, '2020-05-21 18:05:00', 3, 'TODO', NULL, NULL, NULL, NULL),
	(330, 3, NULL, '2020-05-21 22:05:00', 2, 'TODO', NULL, NULL, NULL, NULL),
	(331, 3, NULL, '2020-05-22 00:05:00', 3, 'TODO', NULL, NULL, NULL, NULL),
	(332, 3, NULL, '2020-05-21 02:05:00', 1, 'TODO', NULL, NULL, NULL, NULL),
	(333, 3, NULL, '2020-05-21 08:05:00', 1, 'TODO', NULL, NULL, NULL, NULL),
	(334, 3, NULL, '2020-05-21 10:05:00', 2, 'TODO', NULL, NULL, NULL, NULL),
	(335, 3, NULL, '2020-05-21 06:05:00', 3, 'TODO', NULL, NULL, NULL, NULL),
	(336, 3, NULL, '2020-05-21 04:05:00', 2, 'TODO', NULL, NULL, NULL, NULL),
	(337, 3, NULL, '2020-05-21 12:05:00', 3, 'TODO', NULL, NULL, NULL, NULL),
	(338, 3, NULL, '2020-05-21 14:05:00', 1, 'TODO', NULL, NULL, NULL, NULL),
	(339, 3, NULL, '2020-05-21 20:05:00', 1, 'TODO', NULL, NULL, NULL, NULL),
	(340, 3, NULL, '2020-05-21 16:05:00', 2, 'TODO', NULL, NULL, NULL, NULL),
	(341, 3, NULL, '2020-05-21 18:05:00', 3, 'TODO', NULL, NULL, NULL, NULL),
	(342, 3, NULL, '2020-05-21 22:05:00', 2, 'TODO', NULL, NULL, NULL, NULL),
	(343, 3, NULL, '2020-05-22 00:05:00', 3, 'TODO', NULL, NULL, NULL, NULL),
	(352, 3, NULL, '2020-05-21 02:05:00', 1, 'TODO', NULL, NULL, NULL, NULL),
	(353, 3, NULL, '2020-05-21 04:05:00', 2, 'TODO', NULL, NULL, NULL, NULL),
	(354, 3, NULL, '2020-05-21 06:05:00', 3, 'TODO', NULL, NULL, NULL, NULL),
	(355, 3, NULL, '2020-05-21 08:05:00', 1, 'TODO', NULL, NULL, NULL, NULL),
	(356, 3, NULL, '2020-05-21 10:05:00', 2, 'TODO', NULL, NULL, NULL, NULL),
	(357, 3, NULL, '2020-05-21 12:05:00', 3, 'TODO', NULL, NULL, NULL, NULL),
	(358, 3, NULL, '2020-05-21 14:05:00', 1, 'TODO', NULL, NULL, NULL, NULL),
	(359, 3, NULL, '2020-05-21 16:05:00', 2, 'TODO', NULL, NULL, NULL, NULL),
	(360, 3, NULL, '2020-05-21 18:05:00', 3, 'TODO', NULL, NULL, NULL, NULL),
	(361, 3, NULL, '2020-05-21 20:05:00', 1, 'TODO', NULL, NULL, NULL, NULL),
	(362, 3, NULL, '2020-05-21 22:05:00', 2, 'TODO', NULL, NULL, NULL, NULL),
	(363, 3, NULL, '2020-05-22 00:05:00', 3, 'TODO', NULL, NULL, NULL, NULL),
	(396, 3, NULL, '2020-05-21 04:05:00', 2, 'TODO', NULL, NULL, NULL, NULL),
	(397, 3, NULL, '2020-05-21 02:05:00', 1, 'TODO', NULL, NULL, NULL, NULL),
	(398, 3, NULL, '2020-05-21 06:05:00', 3, 'TODO', NULL, NULL, NULL, NULL),
	(399, 3, NULL, '2020-05-21 08:05:00', 1, 'TODO', NULL, NULL, NULL, NULL),
	(400, 3, NULL, '2020-05-21 10:05:00', 2, 'TODO', NULL, NULL, NULL, NULL),
	(401, 3, NULL, '2020-05-21 12:05:00', 3, 'TODO', NULL, NULL, NULL, NULL),
	(402, 3, NULL, '2020-05-21 14:05:00', 1, 'TODO', NULL, NULL, NULL, NULL),
	(403, 3, NULL, '2020-05-21 16:05:00', 2, 'TODO', NULL, NULL, NULL, NULL),
	(404, 3, NULL, '2020-05-21 18:05:00', 3, 'TODO', NULL, NULL, NULL, NULL),
	(405, 3, NULL, '2020-05-21 20:05:00', 1, 'TODO', NULL, NULL, NULL, NULL),
	(406, 3, NULL, '2020-05-21 22:05:00', 2, 'TODO', NULL, NULL, NULL, NULL),
	(407, 3, NULL, '2020-05-22 00:05:00', 3, 'TODO', NULL, NULL, NULL, NULL),
	(416, 3, NULL, '2020-05-21 02:05:00', 1, 'TODO', NULL, NULL, NULL, NULL),
	(417, 3, NULL, '2020-05-21 04:05:00', 2, 'TODO', NULL, NULL, NULL, NULL),
	(418, 3, NULL, '2020-05-21 06:05:00', 3, 'TODO', NULL, NULL, NULL, NULL),
	(419, 3, NULL, '2020-05-21 08:05:00', 1, 'TODO', NULL, NULL, NULL, NULL),
	(420, 3, NULL, '2020-05-21 10:05:00', 2, 'TODO', NULL, NULL, NULL, NULL),
	(421, 3, NULL, '2020-05-21 12:05:00', 3, 'TODO', NULL, NULL, NULL, NULL),
	(422, 3, NULL, '2020-05-21 14:05:00', 1, 'TODO', NULL, NULL, NULL, NULL),
	(423, 3, NULL, '2020-05-21 16:05:00', 2, 'TODO', NULL, NULL, NULL, NULL),
	(424, 3, NULL, '2020-05-21 18:05:00', 3, 'TODO', NULL, NULL, NULL, NULL),
	(425, 3, NULL, '2020-05-21 20:05:00', 1, 'TODO', NULL, NULL, NULL, NULL),
	(426, 3, NULL, '2020-05-21 22:05:00', 2, 'TODO', NULL, NULL, NULL, NULL),
	(427, 3, NULL, '2020-05-22 00:05:00', 3, 'TODO', NULL, NULL, NULL, NULL),
	(460, 3, NULL, '2020-05-21 02:05:00', 1, 'TODO', NULL, NULL, NULL, NULL),
	(461, 3, NULL, '2020-05-21 04:05:00', 2, 'TODO', NULL, NULL, NULL, NULL),
	(462, 3, NULL, '2020-05-21 06:05:00', 3, 'TODO', NULL, NULL, NULL, NULL),
	(463, 3, NULL, '2020-05-21 08:05:00', 1, 'TODO', NULL, NULL, NULL, NULL),
	(464, 3, NULL, '2020-05-21 10:05:00', 2, 'TODO', NULL, NULL, NULL, NULL),
	(465, 3, NULL, '2020-05-21 12:05:00', 3, 'TODO', NULL, NULL, NULL, NULL),
	(466, 3, NULL, '2020-05-21 14:05:00', 1, 'TODO', NULL, NULL, NULL, NULL),
	(467, 3, NULL, '2020-05-21 16:05:00', 2, 'TODO', NULL, NULL, NULL, NULL),
	(468, 3, NULL, '2020-05-21 18:05:00', 3, 'TODO', NULL, NULL, NULL, NULL),
	(469, 3, NULL, '2020-05-22 00:05:00', 3, 'TODO', NULL, NULL, NULL, NULL),
	(470, 3, NULL, '2020-05-21 22:05:00', 2, 'TODO', NULL, NULL, NULL, NULL),
	(471, 3, NULL, '2020-05-21 20:05:00', 1, 'TODO', NULL, NULL, NULL, NULL),
	(472, 3, NULL, '2020-05-21 02:05:00', 1, 'TODO', NULL, NULL, NULL, NULL),
	(473, 3, NULL, '2020-05-21 04:05:00', 2, 'TODO', NULL, NULL, NULL, NULL),
	(474, 3, NULL, '2020-05-21 06:05:00', 3, 'TODO', NULL, NULL, NULL, NULL),
	(475, 3, NULL, '2020-05-21 08:05:00', 1, 'TODO', NULL, NULL, NULL, NULL),
	(476, 3, NULL, '2020-05-21 10:05:00', 2, 'TODO', NULL, NULL, NULL, NULL),
	(477, 3, NULL, '2020-05-21 12:05:00', 3, 'TODO', NULL, NULL, NULL, NULL),
	(478, 3, NULL, '2020-05-21 14:05:00', 1, 'TODO', NULL, NULL, NULL, NULL),
	(479, 3, NULL, '2020-05-21 16:05:00', 2, 'TODO', NULL, NULL, NULL, NULL),
	(480, 3, NULL, '2020-05-21 18:05:00', 3, 'TODO', NULL, NULL, NULL, NULL),
	(481, 3, NULL, '2020-05-21 22:05:00', 2, 'TODO', NULL, NULL, NULL, NULL),
	(482, 3, NULL, '2020-05-21 20:05:00', 1, 'TODO', NULL, NULL, NULL, NULL),
	(483, 3, NULL, '2020-05-22 00:05:00', 3, 'TODO', NULL, NULL, NULL, NULL),
	(504, 3, NULL, '2020-05-21 02:05:00', 1, 'TODO', NULL, NULL, NULL, NULL),
	(505, 3, NULL, '2020-05-21 04:05:00', 2, 'TODO', NULL, NULL, NULL, NULL),
	(506, 3, NULL, '2020-05-21 06:05:00', 3, 'TODO', NULL, NULL, NULL, NULL),
	(507, 3, NULL, '2020-05-21 08:05:00', 1, 'TODO', NULL, NULL, NULL, NULL),
	(508, 3, NULL, '2020-05-21 10:05:00', 2, 'TODO', NULL, NULL, NULL, NULL),
	(509, 3, NULL, '2020-05-21 12:05:00', 3, 'TODO', NULL, NULL, NULL, NULL),
	(510, 3, NULL, '2020-05-21 14:05:00', 1, 'TODO', NULL, NULL, NULL, NULL),
	(511, 3, NULL, '2020-05-21 16:05:00', 2, 'TODO', NULL, NULL, NULL, NULL),
	(512, 3, NULL, '2020-05-21 18:05:00', 3, 'TODO', NULL, NULL, NULL, NULL),
	(513, 3, NULL, '2020-05-21 20:05:00', 1, 'TODO', NULL, NULL, NULL, NULL),
	(514, 3, NULL, '2020-05-21 22:05:00', 2, 'TODO', NULL, NULL, NULL, NULL),
	(515, 3, NULL, '2020-05-22 00:05:00', 3, 'TODO', NULL, NULL, NULL, NULL),
	(564, 3, NULL, '2020-05-21 02:05:00', 1, 'TODO', NULL, NULL, NULL, NULL),
	(565, 3, NULL, '2020-05-21 04:05:00', 2, 'TODO', NULL, NULL, NULL, NULL),
	(566, 3, NULL, '2020-05-21 08:05:00', 1, 'TODO', NULL, NULL, NULL, NULL),
	(567, 3, NULL, '2020-05-21 06:05:00', 3, 'TODO', NULL, NULL, NULL, NULL),
	(568, 3, NULL, '2020-05-21 10:05:00', 2, 'TODO', NULL, NULL, NULL, NULL),
	(569, 3, NULL, '2020-05-21 12:05:00', 3, 'TODO', NULL, NULL, NULL, NULL),
	(570, 3, NULL, '2020-05-21 14:05:00', 1, 'TODO', NULL, NULL, NULL, NULL),
	(571, 3, NULL, '2020-05-21 16:05:00', 2, 'TODO', NULL, NULL, NULL, NULL),
	(572, 3, NULL, '2020-05-21 18:05:00', 3, 'TODO', NULL, NULL, NULL, NULL),
	(573, 3, NULL, '2020-05-21 20:05:00', 1, 'TODO', NULL, NULL, NULL, NULL),
	(574, 3, NULL, '2020-05-21 22:05:00', 2, 'TODO', NULL, NULL, NULL, NULL),
	(577, 3, NULL, '2020-05-22 00:05:00', 3, 'TODO', NULL, NULL, NULL, NULL),
	(592, 3, NULL, '2020-05-21 02:05:00', 1, 'TODO', NULL, NULL, NULL, NULL),
	(593, 3, NULL, '2020-05-21 04:05:00', 2, 'TODO', NULL, NULL, NULL, NULL),
	(594, 3, NULL, '2020-05-21 06:05:00', 3, 'TODO', NULL, NULL, NULL, NULL),
	(595, 3, NULL, '2020-05-21 10:05:00', 2, 'TODO', NULL, NULL, NULL, NULL),
	(596, 3, NULL, '2020-05-21 12:05:00', 3, 'TODO', NULL, NULL, NULL, NULL),
	(597, 3, NULL, '2020-05-21 08:05:00', 1, 'TODO', NULL, NULL, NULL, NULL),
	(598, 3, NULL, '2020-05-22 00:05:00', 3, 'TODO', NULL, NULL, NULL, NULL),
	(599, 3, NULL, '2020-05-21 22:05:00', 2, 'TODO', NULL, NULL, NULL, NULL),
	(600, 3, NULL, '2020-05-21 20:05:00', 1, 'TODO', NULL, NULL, NULL, NULL),
	(601, 3, NULL, '2020-05-21 16:05:00', 2, 'TODO', NULL, NULL, NULL, NULL),
	(603, 3, NULL, '2020-05-21 14:05:00', 1, 'TODO', NULL, NULL, NULL, NULL),
	(604, 3, NULL, '2020-05-21 18:05:00', 3, 'TODO', NULL, NULL, NULL, NULL),
	(616, 3, NULL, '2020-05-21 02:05:00', 1, 'TODO', NULL, NULL, NULL, NULL),
	(617, 3, NULL, '2020-05-21 04:05:00', 2, 'TODO', NULL, NULL, NULL, NULL),
	(618, 3, NULL, '2020-05-21 06:05:00', 3, 'TODO', NULL, NULL, NULL, NULL),
	(619, 3, NULL, '2020-05-21 08:05:00', 1, 'TODO', NULL, NULL, NULL, NULL),
	(620, 3, NULL, '2020-05-21 10:05:00', 2, 'TODO', NULL, NULL, NULL, NULL),
	(621, 3, NULL, '2020-05-21 12:05:00', 3, 'TODO', NULL, NULL, NULL, NULL),
	(622, 3, NULL, '2020-05-21 14:05:00', 1, 'TODO', NULL, NULL, NULL, NULL),
	(623, 3, NULL, '2020-05-21 16:05:00', 2, 'TODO', NULL, NULL, NULL, NULL),
	(624, 3, NULL, '2020-05-21 18:05:00', 3, 'TODO', NULL, NULL, NULL, NULL),
	(625, 3, NULL, '2020-05-21 20:05:00', 1, 'TODO', NULL, NULL, NULL, NULL),
	(626, 3, NULL, '2020-05-21 22:05:00', 2, 'TODO', NULL, NULL, NULL, NULL),
	(627, 3, NULL, '2020-05-22 00:05:00', 3, 'TODO', NULL, NULL, NULL, NULL),
	(658, 3, NULL, '2020-05-21 04:05:00', 2, 'TODO', NULL, NULL, NULL, NULL),
	(659, 3, NULL, '2020-05-21 02:05:00', 1, 'TODO', NULL, NULL, NULL, NULL),
	(662, 3, NULL, '2020-05-21 06:05:00', 3, 'TODO', NULL, NULL, NULL, NULL),
	(663, 3, NULL, '2020-05-21 08:05:00', 1, 'TODO', NULL, NULL, NULL, NULL),
	(664, 3, NULL, '2020-05-21 10:05:00', 2, 'TODO', NULL, NULL, NULL, NULL),
	(665, 3, NULL, '2020-05-21 12:05:00', 3, 'TODO', NULL, NULL, NULL, NULL),
	(666, 3, NULL, '2020-05-21 14:05:00', 1, 'TODO', NULL, NULL, NULL, NULL),
	(667, 3, NULL, '2020-05-21 16:05:00', 2, 'TODO', NULL, NULL, NULL, NULL),
	(668, 3, NULL, '2020-05-21 18:05:00', 3, 'TODO', NULL, NULL, NULL, NULL),
	(669, 3, NULL, '2020-05-21 20:05:00', 1, 'TODO', NULL, NULL, NULL, NULL),
	(670, 3, NULL, '2020-05-21 22:05:00', 2, 'TODO', NULL, NULL, NULL, NULL),
	(671, 3, NULL, '2020-05-22 00:05:00', 3, 'TODO', NULL, NULL, NULL, NULL),
	(680, 3, NULL, '2020-05-21 02:05:00', 1, 'TODO', NULL, NULL, NULL, NULL),
	(681, 3, NULL, '2020-05-21 04:05:00', 2, 'TODO', NULL, NULL, NULL, NULL),
	(682, 3, NULL, '2020-05-21 06:05:00', 3, 'TODO', NULL, NULL, NULL, NULL),
	(683, 3, NULL, '2020-05-21 08:05:00', 1, 'TODO', NULL, NULL, NULL, NULL),
	(684, 3, NULL, '2020-05-21 10:05:00', 2, 'TODO', NULL, NULL, NULL, NULL),
	(685, 3, NULL, '2020-05-21 12:05:00', 3, 'TODO', NULL, NULL, NULL, NULL),
	(686, 3, NULL, '2020-05-21 14:05:00', 1, 'TODO', NULL, NULL, NULL, NULL),
	(687, 3, NULL, '2020-05-21 16:05:00', 2, 'TODO', NULL, NULL, NULL, NULL),
	(688, 3, NULL, '2020-05-21 18:05:00', 3, 'TODO', NULL, NULL, NULL, NULL),
	(689, 3, NULL, '2020-05-21 20:05:00', 1, 'TODO', NULL, NULL, NULL, NULL),
	(690, 3, NULL, '2020-05-21 22:05:00', 2, 'TODO', NULL, NULL, NULL, NULL),
	(691, 3, NULL, '2020-05-22 00:05:00', 3, 'TODO', NULL, NULL, NULL, NULL),
	(736, 3, NULL, '2020-05-21 02:05:00', 1, 'TODO', NULL, NULL, NULL, NULL),
	(737, 3, NULL, '2020-05-21 04:05:00', 2, 'TODO', NULL, NULL, NULL, NULL),
	(738, 3, NULL, '2020-05-21 06:05:00', 3, 'TODO', NULL, NULL, NULL, NULL),
	(739, 3, NULL, '2020-05-21 08:05:00', 1, 'TODO', NULL, NULL, NULL, NULL),
	(740, 3, NULL, '2020-05-21 10:05:00', 2, 'TODO', NULL, NULL, NULL, NULL),
	(741, 3, NULL, '2020-05-21 12:05:00', 3, 'TODO', NULL, NULL, NULL, NULL),
	(742, 3, NULL, '2020-05-21 14:05:00', 1, 'TODO', NULL, NULL, NULL, NULL),
	(743, 3, NULL, '2020-05-21 16:05:00', 2, 'TODO', NULL, NULL, NULL, NULL),
	(744, 3, NULL, '2020-05-21 18:05:00', 3, 'TODO', NULL, NULL, NULL, NULL),
	(745, 3, NULL, '2020-05-21 20:05:00', 1, 'TODO', NULL, NULL, NULL, NULL),
	(746, 3, NULL, '2020-05-21 22:05:00', 2, 'TODO', NULL, NULL, NULL, NULL),
	(747, 3, NULL, '2020-05-22 00:05:00', 3, 'TODO', NULL, NULL, NULL, NULL),
	(780, 3, NULL, '2020-05-21 02:05:00', 1, 'TODO', NULL, NULL, NULL, NULL),
	(781, 3, NULL, '2020-05-21 04:05:00', 2, 'TODO', NULL, NULL, NULL, NULL),
	(782, 3, NULL, '2020-05-21 06:05:00', 3, 'TODO', NULL, NULL, NULL, NULL),
	(783, 3, NULL, '2020-05-21 08:05:00', 1, 'TODO', NULL, NULL, NULL, NULL),
	(784, 3, NULL, '2020-05-21 10:05:00', 2, 'TODO', NULL, NULL, NULL, NULL),
	(785, 3, NULL, '2020-05-21 12:05:00', 3, 'TODO', NULL, NULL, NULL, NULL),
	(786, 3, NULL, '2020-05-21 14:05:00', 1, 'TODO', NULL, NULL, NULL, NULL),
	(787, 3, NULL, '2020-05-21 16:05:00', 2, 'TODO', NULL, NULL, NULL, NULL),
	(788, 3, NULL, '2020-05-21 18:05:00', 3, 'TODO', NULL, NULL, NULL, NULL),
	(789, 3, NULL, '2020-05-21 20:05:00', 1, 'TODO', NULL, NULL, NULL, NULL),
	(790, 3, NULL, '2020-05-21 22:05:00', 2, 'TODO', NULL, NULL, NULL, NULL),
	(791, 3, NULL, '2020-05-22 00:05:00', 3, 'TODO', NULL, NULL, NULL, NULL),
	(792, 3, NULL, '2020-05-21 02:05:00', 1, 'TODO', NULL, NULL, NULL, NULL),
	(793, 3, NULL, '2020-05-21 04:05:00', 2, 'TODO', NULL, NULL, NULL, NULL),
	(794, 3, NULL, '2020-05-21 06:05:00', 3, 'TODO', NULL, NULL, NULL, NULL),
	(795, 3, NULL, '2020-05-21 08:05:00', 1, 'TODO', NULL, NULL, NULL, NULL),
	(796, 3, NULL, '2020-05-21 10:05:00', 2, 'TODO', NULL, NULL, NULL, NULL),
	(797, 3, NULL, '2020-05-21 12:05:00', 3, 'TODO', NULL, NULL, NULL, NULL),
	(798, 3, NULL, '2020-05-21 14:05:00', 1, 'TODO', NULL, NULL, NULL, NULL),
	(799, 3, NULL, '2020-05-21 16:05:00', 2, 'TODO', NULL, NULL, NULL, NULL),
	(800, 3, NULL, '2020-05-21 18:05:00', 3, 'TODO', NULL, NULL, NULL, NULL),
	(801, 3, NULL, '2020-05-21 20:05:00', 1, 'TODO', NULL, NULL, NULL, NULL),
	(802, 3, NULL, '2020-05-21 22:05:00', 2, 'TODO', NULL, NULL, NULL, NULL),
	(803, 3, NULL, '2020-05-22 00:05:00', 3, 'TODO', NULL, NULL, NULL, NULL),
	(812, 3, NULL, '2020-05-21 02:05:00', 1, 'TODO', NULL, NULL, NULL, NULL),
	(813, 3, NULL, '2020-05-21 04:05:00', 2, 'TODO', NULL, NULL, NULL, NULL),
	(814, 3, NULL, '2020-05-21 06:05:00', 3, 'TODO', NULL, NULL, NULL, NULL),
	(815, 3, NULL, '2020-05-21 08:05:00', 1, 'TODO', NULL, NULL, NULL, NULL),
	(816, 3, NULL, '2020-05-21 10:05:00', 2, 'TODO', NULL, NULL, NULL, NULL),
	(817, 3, NULL, '2020-05-21 12:05:00', 3, 'TODO', NULL, NULL, NULL, NULL),
	(818, 3, NULL, '2020-05-21 14:05:00', 1, 'TODO', NULL, NULL, NULL, NULL),
	(819, 3, NULL, '2020-05-21 16:05:00', 2, 'TODO', NULL, NULL, NULL, NULL),
	(820, 3, NULL, '2020-05-21 18:05:00', 3, 'TODO', NULL, NULL, NULL, NULL),
	(821, 3, NULL, '2020-05-21 20:05:00', 1, 'TODO', NULL, NULL, NULL, NULL),
	(822, 3, NULL, '2020-05-21 22:05:00', 2, 'TODO', NULL, NULL, NULL, NULL),
	(823, 3, NULL, '2020-05-22 00:05:00', 3, 'TODO', NULL, NULL, NULL, NULL),
	(844, 3, NULL, '2020-05-21 02:05:00', 1, 'TODO', NULL, NULL, NULL, NULL),
	(845, 3, NULL, '2020-05-21 04:05:00', 2, 'TODO', NULL, NULL, NULL, NULL),
	(846, 3, NULL, '2020-05-21 06:05:00', 3, 'TODO', NULL, NULL, NULL, NULL),
	(847, 3, NULL, '2020-05-21 12:05:00', 3, 'TODO', NULL, NULL, NULL, NULL),
	(848, 3, NULL, '2020-05-21 10:05:00', 2, 'TODO', NULL, NULL, NULL, NULL),
	(849, 3, NULL, '2020-05-21 08:05:00', 1, 'TODO', NULL, NULL, NULL, NULL),
	(850, 3, NULL, '2020-05-21 16:05:00', 2, 'TODO', NULL, NULL, NULL, NULL),
	(851, 3, NULL, '2020-05-21 14:05:00', 1, 'TODO', NULL, NULL, NULL, NULL),
	(852, 3, NULL, '2020-05-21 18:05:00', 3, 'TODO', NULL, NULL, NULL, NULL),
	(853, 3, NULL, '2020-05-21 22:05:00', 2, 'TODO', NULL, NULL, NULL, NULL),
	(854, 3, NULL, '2020-05-21 20:05:00', 1, 'TODO', NULL, NULL, NULL, NULL),
	(855, 3, NULL, '2020-05-22 00:05:00', 3, 'TODO', NULL, NULL, NULL, NULL),
	(876, 3, NULL, '2020-05-21 02:05:00', 1, 'TODO', NULL, NULL, NULL, NULL),
	(877, 3, NULL, '2020-05-21 04:05:00', 2, 'TODO', NULL, NULL, NULL, NULL),
	(878, 3, NULL, '2020-05-21 06:05:00', 3, 'TODO', NULL, NULL, NULL, NULL),
	(879, 3, NULL, '2020-05-21 08:05:00', 1, 'TODO', NULL, NULL, NULL, NULL),
	(880, 3, NULL, '2020-05-21 10:05:00', 2, 'TODO', NULL, NULL, NULL, NULL),
	(881, 3, NULL, '2020-05-21 12:05:00', 3, 'TODO', NULL, NULL, NULL, NULL),
	(882, 3, NULL, '2020-05-21 14:05:00', 1, 'TODO', NULL, NULL, NULL, NULL),
	(883, 3, NULL, '2020-05-21 16:05:00', 2, 'TODO', NULL, NULL, NULL, NULL),
	(884, 3, NULL, '2020-05-21 18:05:00', 3, 'TODO', NULL, NULL, NULL, NULL),
	(885, 3, NULL, '2020-05-21 20:05:00', 1, 'TODO', NULL, NULL, NULL, NULL),
	(886, 3, NULL, '2020-05-21 22:05:00', 2, 'TODO', NULL, NULL, NULL, NULL),
	(887, 3, NULL, '2020-05-22 00:05:00', 3, 'TODO', NULL, NULL, NULL, NULL);
/*!40000 ALTER TABLE `change_record` ENABLE KEYS */;

-- Copiando estrutura para tabela zelo.movement_frequency
CREATE TABLE IF NOT EXISTS `movement_frequency` (
  `id` int(11) NOT NULL AUTO_INCREMENT,
  `frequency` int(11) DEFAULT NULL,
  PRIMARY KEY (`id`)
) ENGINE=InnoDB AUTO_INCREMENT=3 DEFAULT CHARSET=utf8;

-- Copiando dados para a tabela zelo.movement_frequency: ~2 rows (aproximadamente)
DELETE FROM `movement_frequency`;
/*!40000 ALTER TABLE `movement_frequency` DISABLE KEYS */;
INSERT INTO `movement_frequency` (`id`, `frequency`) VALUES
	(1, 2),
	(2, 3);
/*!40000 ALTER TABLE `movement_frequency` ENABLE KEYS */;

-- Copiando estrutura para tabela zelo.patient
CREATE TABLE IF NOT EXISTS `patient` (
  `id` int(11) NOT NULL AUTO_INCREMENT,
  `name` varchar(150) DEFAULT NULL,
  `attendance_number` int(11) DEFAULT NULL,
  `braden` int(11) DEFAULT NULL,
  `observation` varchar(300) DEFAULT NULL,
  `patient_id` int(11) NOT NULL,
  PRIMARY KEY (`id`),
  KEY `fk_patient_patient1_idx` (`patient_id`),
  CONSTRAINT `fk_patient_patient1` FOREIGN KEY (`patient_id`) REFERENCES `patient` (`id`) ON DELETE NO ACTION ON UPDATE NO ACTION
) ENGINE=InnoDB AUTO_INCREMENT=6 DEFAULT CHARSET=utf8;

-- Copiando dados para a tabela zelo.patient: ~4 rows (aproximadamente)
DELETE FROM `patient`;
/*!40000 ALTER TABLE `patient` DISABLE KEYS */;
INSERT INTO `patient` (`id`, `name`, `attendance_number`, `braden`, `observation`, `patient_id`) VALUES
	(1, 'Flávio Cunha dos Santos', 1234512, 50, NULL, 0),
	(2, 'Gabriela Nolasco', 1234514, 60, NULL, 0),
	(3, 'Victor de Souza', 534413, 45, NULL, 0),
	(5, 'Maria Geraldo da Silva', 3, 45, '', 0);
/*!40000 ALTER TABLE `patient` ENABLE KEYS */;

-- Copiando estrutura para tabela zelo.patient_monitoring
CREATE TABLE IF NOT EXISTS `patient_monitoring` (
  `id` int(11) NOT NULL AUTO_INCREMENT,
  `start_date` datetime DEFAULT NULL,
  `end_date` datetime DEFAULT NULL,
  `observation` varchar(600) DEFAULT NULL,
  `active` tinyint(4) DEFAULT NULL,
  `patient_id` int(11) NOT NULL,
  `movement_frequency_id` int(11) NOT NULL,
  `contact_restriction` tinyint(4) DEFAULT NULL,
  `bed_id` int(11) NOT NULL,
  PRIMARY KEY (`id`),
  KEY `fk_patient_monitoring_patient1_idx` (`patient_id`),
  KEY `fk_patient_monitoring_movement_frequency1_idx` (`movement_frequency_id`),
  KEY `fk_patient_monitoring_bed1_idx` (`bed_id`),
  CONSTRAINT `fk_patient_monitoring_bed1` FOREIGN KEY (`bed_id`) REFERENCES `bed` (`id`) ON DELETE NO ACTION ON UPDATE NO ACTION,
  CONSTRAINT `fk_patient_monitoring_movement_frequency1` FOREIGN KEY (`movement_frequency_id`) REFERENCES `movement_frequency` (`id`) ON DELETE NO ACTION ON UPDATE NO ACTION,
  CONSTRAINT `fk_patient_monitoring_patient1` FOREIGN KEY (`patient_id`) REFERENCES `patient` (`id`) ON DELETE NO ACTION ON UPDATE NO ACTION
) ENGINE=InnoDB AUTO_INCREMENT=4 DEFAULT CHARSET=utf8;

-- Copiando dados para a tabela zelo.patient_monitoring: ~3 rows (aproximadamente)
DELETE FROM `patient_monitoring`;
/*!40000 ALTER TABLE `patient_monitoring` DISABLE KEYS */;
INSERT INTO `patient_monitoring` (`id`, `start_date`, `end_date`, `observation`, `active`, `patient_id`, `movement_frequency_id`, `contact_restriction`, `bed_id`) VALUES
	(1, '2020-05-12 07:07:54', NULL, NULL, 0, 1, 1, NULL, 1),
	(2, '2020-05-12 07:08:23', NULL, NULL, 0, 2, 2, 0, 2),
	(3, '2020-05-10 16:04:34', NULL, NULL, 1, 3, 1, NULL, 3);
/*!40000 ALTER TABLE `patient_monitoring` ENABLE KEYS */;

-- Copiando estrutura para tabela zelo.patient_restriction
CREATE TABLE IF NOT EXISTS `patient_restriction` (
  `patient_id` int(11) NOT NULL,
  `restriction_id` int(11) NOT NULL,
  `id` int(11) NOT NULL AUTO_INCREMENT,
  `active` tinyint(4) DEFAULT NULL,
  PRIMARY KEY (`id`),
  KEY `fk_patient_has_restriction_restriction1_idx` (`restriction_id`),
  KEY `fk_patient_has_restriction_patient1_idx` (`patient_id`),
  CONSTRAINT `fk_patient_has_restriction_patient1` FOREIGN KEY (`patient_id`) REFERENCES `patient` (`id`) ON DELETE NO ACTION ON UPDATE NO ACTION,
  CONSTRAINT `fk_patient_has_restriction_restriction1` FOREIGN KEY (`restriction_id`) REFERENCES `restriction` (`id`) ON DELETE NO ACTION ON UPDATE NO ACTION
) ENGINE=InnoDB AUTO_INCREMENT=4 DEFAULT CHARSET=utf8;

-- Copiando dados para a tabela zelo.patient_restriction: ~1 rows (aproximadamente)
DELETE FROM `patient_restriction`;
/*!40000 ALTER TABLE `patient_restriction` DISABLE KEYS */;
INSERT INTO `patient_restriction` (`patient_id`, `restriction_id`, `id`, `active`) VALUES
	(1, 1, 1, 1);
/*!40000 ALTER TABLE `patient_restriction` ENABLE KEYS */;

-- Copiando estrutura para tabela zelo.restriction
CREATE TABLE IF NOT EXISTS `restriction` (
  `id` int(11) NOT NULL AUTO_INCREMENT,
  `description` varchar(150) DEFAULT NULL,
  `treatment_id` int(11) NOT NULL,
  PRIMARY KEY (`id`),
  KEY `fk_restriction_treatment1_idx` (`treatment_id`),
  CONSTRAINT `fk_restriction_treatment1` FOREIGN KEY (`treatment_id`) REFERENCES `treatment` (`id`) ON DELETE NO ACTION ON UPDATE NO ACTION
) ENGINE=InnoDB AUTO_INCREMENT=2 DEFAULT CHARSET=utf8;

-- Copiando dados para a tabela zelo.restriction: ~1 rows (aproximadamente)
DELETE FROM `restriction`;
/*!40000 ALTER TABLE `restriction` DISABLE KEYS */;
INSERT INTO `restriction` (`id`, `description`, `treatment_id`) VALUES
	(1, NULL, 1);
/*!40000 ALTER TABLE `restriction` ENABLE KEYS */;

-- Copiando estrutura para tabela zelo.station
CREATE TABLE IF NOT EXISTS `station` (
  `id` int(11) NOT NULL AUTO_INCREMENT,
  `name` varchar(150) DEFAULT NULL,
  `description` varchar(150) DEFAULT NULL,
  PRIMARY KEY (`id`)
) ENGINE=InnoDB AUTO_INCREMENT=2 DEFAULT CHARSET=utf8;

-- Copiando dados para a tabela zelo.station: ~1 rows (aproximadamente)
DELETE FROM `station`;
/*!40000 ALTER TABLE `station` DISABLE KEYS */;
INSERT INTO `station` (`id`, `name`, `description`) VALUES
	(1, 'Posto 1', NULL);
/*!40000 ALTER TABLE `station` ENABLE KEYS */;

-- Copiando estrutura para tabela zelo.treatment
CREATE TABLE IF NOT EXISTS `treatment` (
  `id` int(11) NOT NULL AUTO_INCREMENT,
  `name` varchar(120) DEFAULT NULL,
  `description` varchar(1200) DEFAULT NULL,
  PRIMARY KEY (`id`)
) ENGINE=InnoDB AUTO_INCREMENT=5 DEFAULT CHARSET=utf8;

-- Copiando dados para a tabela zelo.treatment: ~4 rows (aproximadamente)
DELETE FROM `treatment`;
/*!40000 ALTER TABLE `treatment` DISABLE KEYS */;
INSERT INTO `treatment` (`id`, `name`, `description`) VALUES
	(1, 'Decúbito Lateral Direito', NULL),
	(2, 'Decúbito Lateral Esquerdo', NULL),
	(3, 'Dorsal', NULL),
	(4, 'Descompressão', NULL);
/*!40000 ALTER TABLE `treatment` ENABLE KEYS */;

-- Copiando estrutura para tabela zelo.user
CREATE TABLE IF NOT EXISTS `user` (
  `id` int(11) NOT NULL AUTO_INCREMENT,
  `name` varchar(150) DEFAULT NULL,
  `role` varchar(45) DEFAULT NULL,
  `username` varchar(45) DEFAULT NULL,
  `email` varchar(150) DEFAULT NULL,
  PRIMARY KEY (`id`)
) ENGINE=InnoDB AUTO_INCREMENT=3 DEFAULT CHARSET=utf8;

-- Copiando dados para a tabela zelo.user: ~2 rows (aproximadamente)
DELETE FROM `user`;
/*!40000 ALTER TABLE `user` DISABLE KEYS */;
INSERT INTO `user` (`id`, `name`, `role`, `username`, `email`) VALUES
	(1, 'Ana Paula', 'SUPERVISOR', NULL, NULL),
	(2, 'Mariana', 'TECHNIQUE', NULL, NULL);
/*!40000 ALTER TABLE `user` ENABLE KEYS */;

/*!40101 SET SQL_MODE=IFNULL(@OLD_SQL_MODE, '') */;
/*!40014 SET FOREIGN_KEY_CHECKS=IF(@OLD_FOREIGN_KEY_CHECKS IS NULL, 1, @OLD_FOREIGN_KEY_CHECKS) */;
/*!40101 SET CHARACTER_SET_CLIENT=@OLD_CHARACTER_SET_CLIENT */;
